fips,date,year,month,emp_leisure,emp_retail,unemp_rate,state,treated,min_wage_post,min_wage_pre,wage_change,post,treated_post,wage_change_post,time_index,event_time
01,2024-01-01,2024,1,200.4,237.6,3.2,AL,0,7.25,7.25,0,0,0,0,0,-24
01,2024-02-01,2024,2,204.1,237.1,3.2,AL,0,7.25,7.25,0,0,0,0,1,-23
01,2024-03-01,2024,3,206.7,237.6,2.8,AL,0,7.25,7.25,0,0,0,0,2,-22
01,2024-04-01,2024,4,210.8,237.6,2.4,AL,0,7.25,7.25,0,0,0,0,3,-21
01,2024-05-01,2024,5,213,238.2,2.4,AL,0,7.25,7.25,0,0,0,0,4,-20
01,2024-06-01,2024,6,214.2,238.8,3.3,AL,0,7.25,7.25,0,0,0,0,5,-19
01,2024-07-01,2024,7,215.2,238.6,3.4,AL,0,7.25,7.25,0,0,0,0,6,-18
01,2024-08-01,2024,8,214.1,238.5,3.5,AL,0,7.25,7.25,0,0,0,0,7,-17
01,2024-09-01,2024,9,210.6,238.5,3.1,AL,0,7.25,7.25,0,0,0,0,8,-16
01,2024-10-01,2024,10,208.9,241.1,3.2,AL,0,7.25,7.25,0,0,0,0,9,-15
01,2024-11-01,2024,11,207.3,243.9,3.3,AL,0,7.25,7.25,0,0,0,0,10,-14
01,2024-12-01,2024,12,206.8,245.4,3.2,AL,0,7.25,7.25,0,0,0,0,11,-13
01,2025-01-01,2025,1,203.2,239.3,3.4,AL,0,7.25,7.25,0,0,0,0,12,-12
01,2025-02-01,2025,2,205.8,239.7,3.4,AL,0,7.25,7.25,0,0,0,0,13,-11
01,2025-03-01,2025,3,208.2,239.6,3.4,AL,0,7.25,7.25,0,0,0,0,14,-10
01,2025-04-01,2025,4,213.8,243.1,2.7,AL,0,7.25,7.25,0,0,0,0,15,-9
01,2025-05-01,2025,5,218.5,242.2,2.8,AL,0,7.25,7.25,0,0,0,0,16,-8
01,2025-06-01,2025,6,219.5,242.5,3,AL,0,7.25,7.25,0,0,0,0,17,-7
01,2025-07-01,2025,7,220.7,241.9,2.9,AL,0,7.25,7.25,0,0,0,0,18,-6
01,2025-08-01,2025,8,217.3,241.3,2.7,AL,0,7.25,7.25,0,0,0,0,19,-5
01,2025-09-01,2025,9,214.7,241.2,2.9,AL,0,7.25,7.25,0,0,0,0,20,-4
01,2025-10-01,2025,10,215,243,2.8,AL,0,7.25,7.25,0,0,0,0,21,-3
01,2025-11-01,2025,11,214.8,244.8,2.7,AL,0,7.25,7.25,0,0,0,0,22,-2
01,2025-12-01,2025,12,213.5,247.5,2.3,AL,0,7.25,7.25,0,0,0,0,23,-1
04,2024-01-01,2024,1,359.8,346.3,3.4,AZ,1,14.7,14.35,0.34999999999999964,0,0,0,0,-24
04,2024-02-01,2024,2,367,344,3.3,AZ,1,14.7,14.35,0.34999999999999964,0,0,0,1,-23
04,2024-03-01,2024,3,372.2,344.2,3,AZ,1,14.7,14.35,0.34999999999999964,0,0,0,2,-22
04,2024-04-01,2024,4,373.1,343.5,2.9,AZ,1,14.7,14.35,0.34999999999999964,0,0,0,3,-21
04,2024-05-01,2024,5,370.3,343,3.3,AZ,1,14.7,14.35,0.34999999999999964,0,0,0,4,-20
04,2024-06-01,2024,6,361.5,341.4,4,AZ,1,14.7,14.35,0.34999999999999964,0,0,0,5,-19
04,2024-07-01,2024,7,354.2,338.3,4.3,AZ,1,14.7,14.35,0.34999999999999964,0,0,0,6,-18
04,2024-08-01,2024,8,355.9,337.8,4.2,AZ,1,14.7,14.35,0.34999999999999964,0,0,0,7,-17
04,2024-09-01,2024,9,354.9,338.9,3.8,AZ,1,14.7,14.35,0.34999999999999964,0,0,0,8,-16
04,2024-10-01,2024,10,363,341.9,3.8,AZ,1,14.7,14.35,0.34999999999999964,0,0,0,9,-15
04,2024-11-01,2024,11,366.8,350.6,3.7,AZ,1,14.7,14.35,0.34999999999999964,0,0,0,10,-14
04,2024-12-01,2024,12,366.1,353.2,3.5,AZ,1,14.7,14.35,0.34999999999999964,0,0,0,11,-13
04,2025-01-01,2025,1,364.2,340.5,3.9,AZ,1,14.7,14.35,0.34999999999999964,0,0,0,12,-12
04,2025-02-01,2025,2,367.7,339.9,3.9,AZ,1,14.7,14.35,0.34999999999999964,0,0,0,13,-11
04,2025-03-01,2025,3,370.8,340.5,4,AZ,1,14.7,14.35,0.34999999999999964,0,0,0,14,-10
04,2025-04-01,2025,4,372.2,342.3,3.5,AZ,1,14.7,14.35,0.34999999999999964,0,0,0,15,-9
04,2025-05-01,2025,5,372.4,340.3,4.1,AZ,1,14.7,14.35,0.34999999999999964,0,0,0,16,-8
04,2025-06-01,2025,6,364.7,340.2,4.5,AZ,1,14.7,14.35,0.34999999999999964,0,0,0,17,-7
04,2025-07-01,2025,7,360.5,337.9,4.7,AZ,1,14.7,14.35,0.34999999999999964,0,0,0,18,-6
04,2025-08-01,2025,8,361.2,339.1,4.8,AZ,1,14.7,14.35,0.34999999999999964,0,0,0,19,-5
04,2025-09-01,2025,9,360.5,339.9,4.7,AZ,1,14.7,14.35,0.34999999999999964,0,0,0,20,-4
04,2025-10-01,2025,10,367.2,343,4.5,AZ,1,14.7,14.35,0.34999999999999964,0,0,0,21,-3
04,2025-11-01,2025,11,368.2,348.5,4.3,AZ,1,14.7,14.35,0.34999999999999964,0,0,0,22,-2
04,2025-12-01,2025,12,370.8,352.5,4,AZ,1,14.7,14.35,0.34999999999999964,0,0,0,23,-1
06,2024-01-01,2024,1,1981.3,1600.2,5.4,CA,1,16.5,16,0.5,0,0,0,0,-24
06,2024-02-01,2024,2,1985.5,1577.4,5.4,CA,1,16.5,16,0.5,0,0,0,1,-23
06,2024-03-01,2024,3,1997.4,1571.4,5.2,CA,1,16.5,16,0.5,0,0,0,2,-22
06,2024-04-01,2024,4,2019.8,1571.2,4.8,CA,1,16.5,16,0.5,0,0,0,3,-21
06,2024-05-01,2024,5,2037.9,1568.2,4.7,CA,1,16.5,16,0.5,0,0,0,4,-20
06,2024-06-01,2024,6,2041.5,1566,5.4,CA,1,16.5,16,0.5,0,0,0,5,-19
06,2024-07-01,2024,7,2049.5,1574.5,5.9,CA,1,16.5,16,0.5,0,0,0,6,-18
06,2024-08-01,2024,8,2040.9,1578.4,5.9,CA,1,16.5,16,0.5,0,0,0,7,-17
06,2024-09-01,2024,9,2011.6,1570.6,5.2,CA,1,16.5,16,0.5,0,0,0,8,-16
06,2024-10-01,2024,10,2012.6,1592.1,5.3,CA,1,16.5,16,0.5,0,0,0,9,-15
06,2024-11-01,2024,11,2004.1,1629.2,5.4,CA,1,16.5,16,0.5,0,0,0,10,-14
06,2024-12-01,2024,12,2007.6,1647.6,5.2,CA,1,16.5,16,0.5,0,0,0,11,-13
06,2025-01-01,2025,1,1957.4,1591.1,5.5,CA,1,16.5,16,0.5,0,0,0,12,-12
06,2025-02-01,2025,2,1967.5,1575.9,5.5,CA,1,16.5,16,0.5,0,0,0,13,-11
06,2025-03-01,2025,3,1976.2,1570.7,5.3,CA,1,16.5,16,0.5,0,0,0,14,-10
06,2025-04-01,2025,4,1997,1568.4,5,CA,1,16.5,16,0.5,0,0,0,15,-9
06,2025-05-01,2025,5,2022.9,1571.1,5,CA,1,16.5,16,0.5,0,0,0,16,-8
06,2025-06-01,2025,6,2037.4,1571,5.8,CA,1,16.5,16,0.5,0,0,0,17,-7
06,2025-07-01,2025,7,2037.8,1573.1,6.1,CA,1,16.5,16,0.5,0,0,0,18,-6
06,2025-08-01,2025,8,2040,1569.9,5.8,CA,1,16.5,16,0.5,0,0,0,19,-5
06,2025-09-01,2025,9,2023.4,1567.5,5.6,CA,1,16.5,16,0.5,0,0,0,20,-4
06,2025-10-01,2025,10,2022.4,1586,5.5,CA,1,16.5,16,0.5,0,0,0,21,-3
06,2025-11-01,2025,11,2022.8,1621,5.4,CA,1,16.5,16,0.5,0,0,0,22,-2
06,2025-12-01,2025,12,2024.6,1633.6,5.1,CA,1,16.5,16,0.5,0,0,0,23,-1
08,2024-01-01,2024,1,346.9,273.6,4.1,CO,1,14.81,14.42,0.39000000000000057,0,0,0,0,-24
08,2024-02-01,2024,2,345,271.3,4.2,CO,1,14.81,14.42,0.39000000000000057,0,0,0,1,-23
08,2024-03-01,2024,3,349.1,271.3,3.8,CO,1,14.81,14.42,0.39000000000000057,0,0,0,2,-22
08,2024-04-01,2024,4,346.8,272.7,3.7,CO,1,14.81,14.42,0.39000000000000057,0,0,0,3,-21
08,2024-05-01,2024,5,345.5,272.7,3.9,CO,1,14.81,14.42,0.39000000000000057,0,0,0,4,-20
08,2024-06-01,2024,6,363.9,275.8,4.4,CO,1,14.81,14.42,0.39000000000000057,0,0,0,5,-19
08,2024-07-01,2024,7,370.2,276.1,4.6,CO,1,14.81,14.42,0.39000000000000057,0,0,0,6,-18
08,2024-08-01,2024,8,366.7,275,4.6,CO,1,14.81,14.42,0.39000000000000057,0,0,0,7,-17
08,2024-09-01,2024,9,353.1,272.6,4.3,CO,1,14.81,14.42,0.39000000000000057,0,0,0,8,-16
08,2024-10-01,2024,10,350.8,273.8,4.4,CO,1,14.81,14.42,0.39000000000000057,0,0,0,9,-15
08,2024-11-01,2024,11,346.2,277.2,4.7,CO,1,14.81,14.42,0.39000000000000057,0,0,0,10,-14
08,2024-12-01,2024,12,357.4,279.7,4.5,CO,1,14.81,14.42,0.39000000000000057,0,0,0,11,-13
08,2025-01-01,2025,1,351.9,272.6,5,CO,1,14.81,14.42,0.39000000000000057,0,0,0,12,-12
08,2025-02-01,2025,2,352.4,261.2,5.2,CO,1,14.81,14.42,0.39000000000000057,0,0,0,13,-11
08,2025-03-01,2025,3,349.4,271.1,4.6,CO,1,14.81,14.42,0.39000000000000057,0,0,0,14,-10
08,2025-04-01,2025,4,356.3,271.1,4.6,CO,1,14.81,14.42,0.39000000000000057,0,0,0,15,-9
08,2025-05-01,2025,5,355.5,270.4,4.5,CO,1,14.81,14.42,0.39000000000000057,0,0,0,16,-8
08,2025-06-01,2025,6,375.5,271.8,4.5,CO,1,14.81,14.42,0.39000000000000057,0,0,0,17,-7
08,2025-07-01,2025,7,380,272.8,3.9,CO,1,14.81,14.42,0.39000000000000057,0,0,0,18,-6
08,2025-08-01,2025,8,375.8,271.3,3.7,CO,1,14.81,14.42,0.39000000000000057,0,0,0,19,-5
08,2025-09-01,2025,9,361.9,270,3.9,CO,1,14.81,14.42,0.39000000000000057,0,0,0,20,-4
08,2025-10-01,2025,10,354.1,272.2,3.75,CO,1,14.81,14.42,0.39000000000000057,0,0,0,21,-3
08,2025-11-01,2025,11,352.4,275,3.6,CO,1,14.81,14.42,0.39000000000000057,0,0,0,22,-2
08,2025-12-01,2025,12,361.2,275.7,3.6,CO,1,14.81,14.42,0.39000000000000057,0,0,0,23,-1
09,2024-01-01,2024,1,144.1,166.6,3.7,CT,1,16.35,15.69,0.6600000000000019,0,0,0,0,-24
09,2024-02-01,2024,2,144,163.3,3.8,CT,1,16.35,15.69,0.6600000000000019,0,0,0,1,-23
09,2024-03-01,2024,3,146.3,164,3.3,CT,1,16.35,15.69,0.6600000000000019,0,0,0,2,-22
09,2024-04-01,2024,4,150.8,163.3,2.7,CT,1,16.35,15.69,0.6600000000000019,0,0,0,3,-21
09,2024-05-01,2024,5,159.6,165.1,3.1,CT,1,16.35,15.69,0.6600000000000019,0,0,0,4,-20
09,2024-06-01,2024,6,167.6,166.5,3,CT,1,16.35,15.69,0.6600000000000019,0,0,0,5,-19
09,2024-07-01,2024,7,166,165.5,3.6,CT,1,16.35,15.69,0.6600000000000019,0,0,0,6,-18
09,2024-08-01,2024,8,162.8,165.5,3.4,CT,1,16.35,15.69,0.6600000000000019,0,0,0,7,-17
09,2024-09-01,2024,9,156.3,163.4,2.8,CT,1,16.35,15.69,0.6600000000000019,0,0,0,8,-16
09,2024-10-01,2024,10,154.4,165.2,2.9,CT,1,16.35,15.69,0.6600000000000019,0,0,0,9,-15
09,2024-11-01,2024,11,150.4,168.1,2.9,CT,1,16.35,15.69,0.6600000000000019,0,0,0,10,-14
09,2024-12-01,2024,12,151.6,171.4,2.7,CT,1,16.35,15.69,0.6600000000000019,0,0,0,11,-13
09,2025-01-01,2025,1,145,164.5,4,CT,1,16.35,15.69,0.6600000000000019,0,0,0,12,-12
09,2025-02-01,2025,2,143.8,162,4.5,CT,1,16.35,15.69,0.6600000000000019,0,0,0,13,-11
09,2025-03-01,2025,3,146.9,162.8,4.1,CT,1,16.35,15.69,0.6600000000000019,0,0,0,14,-10
09,2025-04-01,2025,4,149.9,164.2,3.4,CT,1,16.35,15.69,0.6600000000000019,0,0,0,15,-9
09,2025-05-01,2025,5,160.2,163.6,3.9,CT,1,16.35,15.69,0.6600000000000019,0,0,0,16,-8
09,2025-06-01,2025,6,170,163.7,3.4,CT,1,16.35,15.69,0.6600000000000019,0,0,0,17,-7
09,2025-07-01,2025,7,170,163.8,4.2,CT,1,16.35,15.69,0.6600000000000019,0,0,0,18,-6
09,2025-08-01,2025,8,167.3,162.8,3.8,CT,1,16.35,15.69,0.6600000000000019,0,0,0,19,-5
09,2025-09-01,2025,9,157.3,160.8,3.8,CT,1,16.35,15.69,0.6600000000000019,0,0,0,20,-4
09,2025-10-01,2025,10,155.7,162,4,CT,1,16.35,15.69,0.6600000000000019,0,0,0,21,-3
09,2025-11-01,2025,11,152.1,164.8,4.2,CT,1,16.35,15.69,0.6600000000000019,0,0,0,22,-2
09,2025-12-01,2025,12,149.9,166.1,4.1,CT,1,16.35,15.69,0.6600000000000019,0,0,0,23,-1
13,2024-01-01,2024,1,497,514.5,3.4,GA,0,7.25,7.25,0,0,0,0,0,-24
13,2024-02-01,2024,2,499.3,512.1,3.4,GA,0,7.25,7.25,0,0,0,0,1,-23
13,2024-03-01,2024,3,510.4,513.6,3.4,GA,0,7.25,7.25,0,0,0,0,2,-22
13,2024-04-01,2024,4,525,512,3,GA,0,7.25,7.25,0,0,0,0,3,-21
13,2024-05-01,2024,5,528.4,514.6,3.5,GA,0,7.25,7.25,0,0,0,0,4,-20
13,2024-06-01,2024,6,533.1,514.1,3.9,GA,0,7.25,7.25,0,0,0,0,5,-19
13,2024-07-01,2024,7,526,511.2,3.9,GA,0,7.25,7.25,0,0,0,0,6,-18
13,2024-08-01,2024,8,519,508.7,4.1,GA,0,7.25,7.25,0,0,0,0,7,-17
13,2024-09-01,2024,9,512,507.9,3.4,GA,0,7.25,7.25,0,0,0,0,8,-16
13,2024-10-01,2024,10,516.2,511,3.6,GA,0,7.25,7.25,0,0,0,0,9,-15
13,2024-11-01,2024,11,514.4,518,3.5,GA,0,7.25,7.25,0,0,0,0,10,-14
13,2024-12-01,2024,12,516.7,525.6,3.4,GA,0,7.25,7.25,0,0,0,0,11,-13
13,2025-01-01,2025,1,503,507.8,3.5,GA,0,7.25,7.25,0,0,0,0,12,-12
13,2025-02-01,2025,2,505,507.6,3.7,GA,0,7.25,7.25,0,0,0,0,13,-11
13,2025-03-01,2025,3,509,509.6,3.6,GA,0,7.25,7.25,0,0,0,0,14,-10
13,2025-04-01,2025,4,523.1,509.5,3.1,GA,0,7.25,7.25,0,0,0,0,15,-9
13,2025-05-01,2025,5,523.9,511.8,3.3,GA,0,7.25,7.25,0,0,0,0,16,-8
13,2025-06-01,2025,6,532.8,513.2,3.7,GA,0,7.25,7.25,0,0,0,0,17,-7
13,2025-07-01,2025,7,530.6,509.6,3.6,GA,0,7.25,7.25,0,0,0,0,18,-6
13,2025-08-01,2025,8,523.3,508.8,3.5,GA,0,7.25,7.25,0,0,0,0,19,-5
13,2025-09-01,2025,9,519.4,507.6,3.4,GA,0,7.25,7.25,0,0,0,0,20,-4
13,2025-10-01,2025,10,520.5,510.4,3.7,GA,0,7.25,7.25,0,0,0,0,21,-3
13,2025-11-01,2025,11,523.3,515.5,4,GA,0,7.25,7.25,0,0,0,0,22,-2
13,2025-12-01,2025,12,515.9,519.9,3.3,GA,0,7.25,7.25,0,0,0,0,23,-1
15,2024-01-01,2024,1,118.3,64.7,2.9,HI,1,14,14,0,0,0,0,0,-24
15,2024-02-01,2024,2,118.7,64.2,2.8,HI,1,14,14,0,0,0,0,1,-23
15,2024-03-01,2024,3,119.2,64.2,2.7,HI,1,14,14,0,0,0,0,2,-22
15,2024-04-01,2024,4,119,63.9,2.6,HI,1,14,14,0,0,0,0,3,-21
15,2024-05-01,2024,5,119.5,64,2.5,HI,1,14,14,0,0,0,0,4,-20
15,2024-06-01,2024,6,119.4,64.1,3.5,HI,1,14,14,0,0,0,0,5,-19
15,2024-07-01,2024,7,120.7,64.3,3.2,HI,1,14,14,0,0,0,0,6,-18
15,2024-08-01,2024,8,121.2,64.5,3.2,HI,1,14,14,0,0,0,0,7,-17
15,2024-09-01,2024,9,120,64.1,3.2,HI,1,14,14,0,0,0,0,8,-16
15,2024-10-01,2024,10,119.2,64.5,3.1,HI,1,14,14,0,0,0,0,9,-15
15,2024-11-01,2024,11,120.8,66,3.2,HI,1,14,14,0,0,0,0,10,-14
15,2024-12-01,2024,12,123.3,68,2.8,HI,1,14,14,0,0,0,0,11,-13
15,2025-01-01,2025,1,121.6,65.4,2.7,HI,1,14,14,0,0,0,0,12,-12
15,2025-02-01,2025,2,121.5,64.8,2.8,HI,1,14,14,0,0,0,0,13,-11
15,2025-03-01,2025,3,122.5,64.6,2.4,HI,1,14,14,0,0,0,0,14,-10
15,2025-04-01,2025,4,124.5,64.6,2.5,HI,1,14,14,0,0,0,0,15,-9
15,2025-05-01,2025,5,125.9,64.4,2.6,HI,1,14,14,0,0,0,0,16,-8
15,2025-06-01,2025,6,125.7,64.8,3.3,HI,1,14,14,0,0,0,0,17,-7
15,2025-07-01,2025,7,125.8,65.7,2.6,HI,1,14,14,0,0,0,0,18,-6
15,2025-08-01,2025,8,126.3,65.7,2.6,HI,1,14,14,0,0,0,0,19,-5
15,2025-09-01,2025,9,125,65.6,2.3,HI,1,14,14,0,0,0,0,20,-4
15,2025-10-01,2025,10,126.8,65.1,2.3499999999999996,HI,1,14,14,0,0,0,0,21,-3
15,2025-11-01,2025,11,126.4,66.1,2.4,HI,1,14,14,0,0,0,0,22,-2
15,2025-12-01,2025,12,126.8,68.7,2.2,HI,1,14,14,0,0,0,0,23,-1
16,2024-01-01,2024,1,88.9,92.1,4,ID,0,7.25,7.25,0,0,0,0,0,-24
16,2024-02-01,2024,2,89.3,92.4,4.2,ID,0,7.25,7.25,0,0,0,0,1,-23
16,2024-03-01,2024,3,90.6,93.1,4,ID,0,7.25,7.25,0,0,0,0,2,-22
16,2024-04-01,2024,4,92.2,93.3,3.4,ID,0,7.25,7.25,0,0,0,0,3,-21
16,2024-05-01,2024,5,94.7,93.9,3.3,ID,0,7.25,7.25,0,0,0,0,4,-20
16,2024-06-01,2024,6,98.9,94.5,3.6,ID,0,7.25,7.25,0,0,0,0,5,-19
16,2024-07-01,2024,7,100.7,94.7,3.8,ID,0,7.25,7.25,0,0,0,0,6,-18
16,2024-08-01,2024,8,100.6,94.5,3.6,ID,0,7.25,7.25,0,0,0,0,7,-17
16,2024-09-01,2024,9,96.6,94.2,3.3,ID,0,7.25,7.25,0,0,0,0,8,-16
16,2024-10-01,2024,10,93.3,95.1,3.4,ID,0,7.25,7.25,0,0,0,0,9,-15
16,2024-11-01,2024,11,90.7,96.4,3.7,ID,0,7.25,7.25,0,0,0,0,10,-14
16,2024-12-01,2024,12,93.9,96.5,3.7,ID,0,7.25,7.25,0,0,0,0,11,-13
16,2025-01-01,2025,1,91,93.6,4.3,ID,0,7.25,7.25,0,0,0,0,12,-12
16,2025-02-01,2025,2,93,93.8,4.2,ID,0,7.25,7.25,0,0,0,0,13,-11
16,2025-03-01,2025,3,95,93.7,4.1,ID,0,7.25,7.25,0,0,0,0,14,-10
16,2025-04-01,2025,4,94.5,93.6,3.5,ID,0,7.25,7.25,0,0,0,0,15,-9
16,2025-05-01,2025,5,98.7,94.2,3.3,ID,0,7.25,7.25,0,0,0,0,16,-8
16,2025-06-01,2025,6,104.2,94.3,3.6,ID,0,7.25,7.25,0,0,0,0,17,-7
16,2025-07-01,2025,7,107.2,94.8,3.8,ID,0,7.25,7.25,0,0,0,0,18,-6
16,2025-08-01,2025,8,106.5,94.8,3.6,ID,0,7.25,7.25,0,0,0,0,19,-5
16,2025-09-01,2025,9,103.3,94.8,3.3,ID,0,7.25,7.25,0,0,0,0,20,-4
16,2025-10-01,2025,10,98.6,95.4,3.3499999999999996,ID,0,7.25,7.25,0,0,0,0,21,-3
16,2025-11-01,2025,11,97.6,96.1,3.4,ID,0,7.25,7.25,0,0,0,0,22,-2
16,2025-12-01,2025,12,96.8,96.1,3.5,ID,0,7.25,7.25,0,0,0,0,23,-1
18,2024-01-01,2024,1,297.1,313,4.1,IN,0,7.25,7.25,0,0,0,0,0,-24
18,2024-02-01,2024,2,300.7,311.2,4.4,IN,0,7.25,7.25,0,0,0,0,1,-23
18,2024-03-01,2024,3,305.6,311.2,4.3,IN,0,7.25,7.25,0,0,0,0,2,-22
18,2024-04-01,2024,4,313.8,312,3.6,IN,0,7.25,7.25,0,0,0,0,3,-21
18,2024-05-01,2024,5,323.3,314.2,4,IN,0,7.25,7.25,0,0,0,0,4,-20
18,2024-06-01,2024,6,324.1,314.6,4.4,IN,0,7.25,7.25,0,0,0,0,5,-19
18,2024-07-01,2024,7,324.2,314.6,4.9,IN,0,7.25,7.25,0,0,0,0,6,-18
18,2024-08-01,2024,8,323.2,313.6,4.4,IN,0,7.25,7.25,0,0,0,0,7,-17
18,2024-09-01,2024,9,315.2,311.6,4,IN,0,7.25,7.25,0,0,0,0,8,-16
18,2024-10-01,2024,10,316.7,314.4,4,IN,0,7.25,7.25,0,0,0,0,9,-15
18,2024-11-01,2024,11,307.7,322.1,4.3,IN,0,7.25,7.25,0,0,0,0,10,-14
18,2024-12-01,2024,12,303.6,325.1,4,IN,0,7.25,7.25,0,0,0,0,11,-13
18,2025-01-01,2025,1,292.2,308.6,4.5,IN,0,7.25,7.25,0,0,0,0,12,-12
18,2025-02-01,2025,2,295.8,307.4,4.5,IN,0,7.25,7.25,0,0,0,0,13,-11
18,2025-03-01,2025,3,305,308.4,3.4,IN,0,7.25,7.25,0,0,0,0,14,-10
18,2025-04-01,2025,4,314.4,308.4,3,IN,0,7.25,7.25,0,0,0,0,15,-9
18,2025-05-01,2025,5,324.9,308.7,3.4,IN,0,7.25,7.25,0,0,0,0,16,-8
18,2025-06-01,2025,6,326.1,309,3.7,IN,0,7.25,7.25,0,0,0,0,17,-7
18,2025-07-01,2025,7,324.8,309.8,4.2,IN,0,7.25,7.25,0,0,0,0,18,-6
18,2025-08-01,2025,8,325.4,311,3.8,IN,0,7.25,7.25,0,0,0,0,19,-5
18,2025-09-01,2025,9,321.5,308.7,3.5,IN,0,7.25,7.25,0,0,0,0,20,-4
18,2025-10-01,2025,10,314.3,311.6,3.4,IN,0,7.25,7.25,0,0,0,0,21,-3
18,2025-11-01,2025,11,310.4,317.4,3.3,IN,0,7.25,7.25,0,0,0,0,22,-2
18,2025-12-01,2025,12,301.9,322.3,2.7,IN,0,7.25,7.25,0,0,0,0,23,-1
21,2024-01-01,2024,1,195.7,207.2,5,KY,0,7.25,7.25,0,0,0,0,0,-24
21,2024-02-01,2024,2,197.1,206,5.4,KY,0,7.25,7.25,0,0,0,0,1,-23
21,2024-03-01,2024,3,202.3,207.3,5.1,KY,0,7.25,7.25,0,0,0,0,2,-22
21,2024-04-01,2024,4,208,206.5,4.4,KY,0,7.25,7.25,0,0,0,0,3,-21
21,2024-05-01,2024,5,211.6,208.3,4.6,KY,0,7.25,7.25,0,0,0,0,4,-20
21,2024-06-01,2024,6,214,208.8,5.4,KY,0,7.25,7.25,0,0,0,0,5,-19
21,2024-07-01,2024,7,212.6,208.9,5.8,KY,0,7.25,7.25,0,0,0,0,6,-18
21,2024-08-01,2024,8,211.7,211.5,5.3,KY,0,7.25,7.25,0,0,0,0,7,-17
21,2024-09-01,2024,9,207.5,210.4,4.9,KY,0,7.25,7.25,0,0,0,0,8,-16
21,2024-10-01,2024,10,205.1,211.4,5,KY,0,7.25,7.25,0,0,0,0,9,-15
21,2024-11-01,2024,11,202.9,214.3,5,KY,0,7.25,7.25,0,0,0,0,10,-14
21,2024-12-01,2024,12,200.7,217,5,KY,0,7.25,7.25,0,0,0,0,11,-13
21,2025-01-01,2025,1,194.4,209.3,5.5,KY,0,7.25,7.25,0,0,0,0,12,-12
21,2025-02-01,2025,2,195,207.4,5.5,KY,0,7.25,7.25,0,0,0,0,13,-11
21,2025-03-01,2025,3,201.8,208.4,5.5,KY,0,7.25,7.25,0,0,0,0,14,-10
21,2025-04-01,2025,4,207.3,209.2,4.4,KY,0,7.25,7.25,0,0,0,0,15,-9
21,2025-05-01,2025,5,213.7,211,4.4,KY,0,7.25,7.25,0,0,0,0,16,-8
21,2025-06-01,2025,6,215.1,211.7,4.9,KY,0,7.25,7.25,0,0,0,0,17,-7
21,2025-07-01,2025,7,213.6,210.9,5.6,KY,0,7.25,7.25,0,0,0,0,18,-6
21,2025-08-01,2025,8,215.1,210.2,4.4,KY,0,7.25,7.25,0,0,0,0,19,-5
21,2025-09-01,2025,9,209.6,211.3,4.5,KY,0,7.25,7.25,0,0,0,0,20,-4
21,2025-10-01,2025,10,208.3,212,4.45,KY,0,7.25,7.25,0,0,0,0,21,-3
21,2025-11-01,2025,11,204.9,212.7,4.4,KY,0,7.25,7.25,0,0,0,0,22,-2
21,2025-12-01,2025,12,199.6,214.7,3.5,KY,0,7.25,7.25,0,0,0,0,23,-1
22,2024-01-01,2024,1,217.9,216.7,4.4,LA,0,7.25,7.25,0,0,0,0,0,-24
22,2024-02-01,2024,2,219.6,214.5,4.2,LA,0,7.25,7.25,0,0,0,0,1,-23
22,2024-03-01,2024,3,223.3,214.8,4,LA,0,7.25,7.25,0,0,0,0,2,-22
22,2024-04-01,2024,4,225.3,213.6,3.6,LA,0,7.25,7.25,0,0,0,0,3,-21
22,2024-05-01,2024,5,227.5,213.9,3.8,LA,0,7.25,7.25,0,0,0,0,4,-20
22,2024-06-01,2024,6,225.8,214.2,4.9,LA,0,7.25,7.25,0,0,0,0,5,-19
22,2024-07-01,2024,7,223.7,214.3,4.8,LA,0,7.25,7.25,0,0,0,0,6,-18
22,2024-08-01,2024,8,224,214.1,4.8,LA,0,7.25,7.25,0,0,0,0,7,-17
22,2024-09-01,2024,9,220.6,211.7,4.6,LA,0,7.25,7.25,0,0,0,0,8,-16
22,2024-10-01,2024,10,224,214.1,4.6,LA,0,7.25,7.25,0,0,0,0,9,-15
22,2024-11-01,2024,11,225.5,215.5,4.4,LA,0,7.25,7.25,0,0,0,0,10,-14
22,2024-12-01,2024,12,224.1,217.9,4.2,LA,0,7.25,7.25,0,0,0,0,11,-13
22,2025-01-01,2025,1,224.4,212.2,4.4,LA,0,7.25,7.25,0,0,0,0,12,-12
22,2025-02-01,2025,2,224.8,212,4.2,LA,0,7.25,7.25,0,0,0,0,13,-11
22,2025-03-01,2025,3,226.9,211.7,4.4,LA,0,7.25,7.25,0,0,0,0,14,-10
22,2025-04-01,2025,4,229.5,212.6,3.9,LA,0,7.25,7.25,0,0,0,0,15,-9
22,2025-05-01,2025,5,229.4,211,4.6,LA,0,7.25,7.25,0,0,0,0,16,-8
22,2025-06-01,2025,6,231.2,211.5,5.1,LA,0,7.25,7.25,0,0,0,0,17,-7
22,2025-07-01,2025,7,229.7,211.9,4.7,LA,0,7.25,7.25,0,0,0,0,18,-6
22,2025-08-01,2025,8,231.2,210.6,4.3,LA,0,7.25,7.25,0,0,0,0,19,-5
22,2025-09-01,2025,9,228.6,210.2,4.4,LA,0,7.25,7.25,0,0,0,0,20,-4
22,2025-10-01,2025,10,232.4,209.5,4.300000000000001,LA,0,7.25,7.25,0,0,0,0,21,-3
22,2025-11-01,2025,11,233.2,211.8,4.2,LA,0,7.25,7.25,0,0,0,0,22,-2
22,2025-12-01,2025,12,232.3,214,3.9,LA,0,7.25,7.25,0,0,0,0,23,-1
23,2024-01-01,2024,1,58.5,81.2,3.3,ME,1,14.65,14.15,0.5,0,0,0,0,-24
23,2024-02-01,2024,2,59,80.5,3.5,ME,1,14.65,14.15,0.5,0,0,0,1,-23
23,2024-03-01,2024,3,59.5,80.3,3.2,ME,1,14.65,14.15,0.5,0,0,0,2,-22
23,2024-04-01,2024,4,61.3,80.3,2.9,ME,1,14.65,14.15,0.5,0,0,0,3,-21
23,2024-05-01,2024,5,69.9,81.6,2.8,ME,1,14.65,14.15,0.5,0,0,0,4,-20
23,2024-06-01,2024,6,80.4,83.3,2.8,ME,1,14.65,14.15,0.5,0,0,0,5,-19
23,2024-07-01,2024,7,89.4,84.4,3,ME,1,14.65,14.15,0.5,0,0,0,6,-18
23,2024-08-01,2024,8,87.7,84.5,2.9,ME,1,14.65,14.15,0.5,0,0,0,7,-17
23,2024-09-01,2024,9,75.8,82.3,2.8,ME,1,14.65,14.15,0.5,0,0,0,8,-16
23,2024-10-01,2024,10,70.6,82.8,3.1,ME,1,14.65,14.15,0.5,0,0,0,9,-15
23,2024-11-01,2024,11,62.8,83.4,3.6,ME,1,14.65,14.15,0.5,0,0,0,10,-14
23,2024-12-01,2024,12,62,84.3,3.5,ME,1,14.65,14.15,0.5,0,0,0,11,-13
23,2025-01-01,2025,1,59.8,82.1,4,ME,1,14.65,14.15,0.5,0,0,0,12,-12
23,2025-02-01,2025,2,59.6,81,4,ME,1,14.65,14.15,0.5,0,0,0,13,-11
23,2025-03-01,2025,3,60.4,80.7,3.8,ME,1,14.65,14.15,0.5,0,0,0,14,-10
23,2025-04-01,2025,4,62.8,81.1,3.4,ME,1,14.65,14.15,0.5,0,0,0,15,-9
23,2025-05-01,2025,5,70.4,81.7,3.3,ME,1,14.65,14.15,0.5,0,0,0,16,-8
23,2025-06-01,2025,6,80.9,82.8,2.6,ME,1,14.65,14.15,0.5,0,0,0,17,-7
23,2025-07-01,2025,7,89,83.5,2.8,ME,1,14.65,14.15,0.5,0,0,0,18,-6
23,2025-08-01,2025,8,88,83.7,2.9,ME,1,14.65,14.15,0.5,0,0,0,19,-5
23,2025-09-01,2025,9,75.3,82.2,3,ME,1,14.65,14.15,0.5,0,0,0,20,-4
23,2025-10-01,2025,10,68.8,82.5,3.2,ME,1,14.65,14.15,0.5,0,0,0,21,-3
23,2025-11-01,2025,11,61.2,82.9,3.4,ME,1,14.65,14.15,0.5,0,0,0,22,-2
23,2025-12-01,2025,12,60.5,83.4,3.2,ME,1,14.65,14.15,0.5,0,0,0,23,-1
26,2024-01-01,2024,1,397.1,448.8,4.2,MI,1,10.56,10.33,0.23000000000000043,0,0,0,0,-24
26,2024-02-01,2024,2,400.4,444.8,4.5,MI,1,10.56,10.33,0.23000000000000043,0,0,0,1,-23
26,2024-03-01,2024,3,405.5,446,4.3,MI,1,10.56,10.33,0.23000000000000043,0,0,0,2,-22
26,2024-04-01,2024,4,418.8,448,4,MI,1,10.56,10.33,0.23000000000000043,0,0,0,3,-21
26,2024-05-01,2024,5,444,454.2,4.4,MI,1,10.56,10.33,0.23000000000000043,0,0,0,4,-20
26,2024-06-01,2024,6,459.6,457.9,5.1,MI,1,10.56,10.33,0.23000000000000043,0,0,0,5,-19
26,2024-07-01,2024,7,456.6,457.8,5.7,MI,1,10.56,10.33,0.23000000000000043,0,0,0,6,-18
26,2024-08-01,2024,8,456.9,456.9,4.9,MI,1,10.56,10.33,0.23000000000000043,0,0,0,7,-17
26,2024-09-01,2024,9,438.8,450.9,4.6,MI,1,10.56,10.33,0.23000000000000043,0,0,0,8,-16
26,2024-10-01,2024,10,430.9,454.9,4.8,MI,1,10.56,10.33,0.23000000000000043,0,0,0,9,-15
26,2024-11-01,2024,11,417.8,459.5,4.8,MI,1,10.56,10.33,0.23000000000000043,0,0,0,10,-14
26,2024-12-01,2024,12,419,463,5,MI,1,10.56,10.33,0.23000000000000043,0,0,0,11,-13
26,2025-01-01,2025,1,407.8,447.9,5.9,MI,1,10.56,10.33,0.23000000000000043,0,0,0,12,-12
26,2025-02-01,2025,2,405.8,446.4,6,MI,1,10.56,10.33,0.23000000000000043,0,0,0,13,-11
26,2025-03-01,2025,3,411.9,447.9,5.7,MI,1,10.56,10.33,0.23000000000000043,0,0,0,14,-10
26,2025-04-01,2025,4,417.5,450.7,4.7,MI,1,10.56,10.33,0.23000000000000043,0,0,0,15,-9
26,2025-05-01,2025,5,449.6,455.5,5.3,MI,1,10.56,10.33,0.23000000000000043,0,0,0,16,-8
26,2025-06-01,2025,6,465.6,456.9,5.4,MI,1,10.56,10.33,0.23000000000000043,0,0,0,17,-7
26,2025-07-01,2025,7,465.4,455.8,6,MI,1,10.56,10.33,0.23000000000000043,0,0,0,18,-6
26,2025-08-01,2025,8,465.3,455,5,MI,1,10.56,10.33,0.23000000000000043,0,0,0,19,-5
26,2025-09-01,2025,9,442.2,450.7,4.6,MI,1,10.56,10.33,0.23000000000000043,0,0,0,20,-4
26,2025-10-01,2025,10,434.8,452.3,4.699999999999999,MI,1,10.56,10.33,0.23000000000000043,0,0,0,21,-3
26,2025-11-01,2025,11,419.6,457.7,4.8,MI,1,10.56,10.33,0.23000000000000043,0,0,0,22,-2
26,2025-12-01,2025,12,418.5,459.9,4.8,MI,1,10.56,10.33,0.23000000000000043,0,0,0,23,-1
27,2024-01-01,2024,1,254.7,283.3,3.4,MN,1,11.13,10.85,0.28000000000000114,0,0,0,0,-24
27,2024-02-01,2024,2,255.5,279.4,3.6,MN,1,11.13,10.85,0.28000000000000114,0,0,0,1,-23
27,2024-03-01,2024,3,258.4,280.2,3.4,MN,1,11.13,10.85,0.28000000000000114,0,0,0,2,-22
27,2024-04-01,2024,4,266.4,281.9,2.8,MN,1,11.13,10.85,0.28000000000000114,0,0,0,3,-21
27,2024-05-01,2024,5,281.2,285.5,2.8,MN,1,11.13,10.85,0.28000000000000114,0,0,0,4,-20
27,2024-06-01,2024,6,290.9,287.5,3.6,MN,1,11.13,10.85,0.28000000000000114,0,0,0,5,-19
27,2024-07-01,2024,7,291.9,286.7,3.5,MN,1,11.13,10.85,0.28000000000000114,0,0,0,6,-18
27,2024-08-01,2024,8,292.2,286,3.3,MN,1,11.13,10.85,0.28000000000000114,0,0,0,7,-17
27,2024-09-01,2024,9,278.3,281.1,2.5,MN,1,11.13,10.85,0.28000000000000114,0,0,0,8,-16
27,2024-10-01,2024,10,275.4,285.2,2.3,MN,1,11.13,10.85,0.28000000000000114,0,0,0,9,-15
27,2024-11-01,2024,11,264.9,289.6,2.4,MN,1,11.13,10.85,0.28000000000000114,0,0,0,10,-14
27,2024-12-01,2024,12,260.2,291.1,2.6,MN,1,11.13,10.85,0.28000000000000114,0,0,0,11,-13
27,2025-01-01,2025,1,257.9,283.8,3.6,MN,1,11.13,10.85,0.28000000000000114,0,0,0,12,-12
27,2025-02-01,2025,2,254.4,280.5,3.9,MN,1,11.13,10.85,0.28000000000000114,0,0,0,13,-11
27,2025-03-01,2025,3,257.8,280.3,3.9,MN,1,11.13,10.85,0.28000000000000114,0,0,0,14,-10
27,2025-04-01,2025,4,263.7,283.4,3.2,MN,1,11.13,10.85,0.28000000000000114,0,0,0,15,-9
27,2025-05-01,2025,5,282.1,286.5,3.2,MN,1,11.13,10.85,0.28000000000000114,0,0,0,16,-8
27,2025-06-01,2025,6,290.7,288.8,3.8,MN,1,11.13,10.85,0.28000000000000114,0,0,0,17,-7
27,2025-07-01,2025,7,292.8,287.8,3.9,MN,1,11.13,10.85,0.28000000000000114,0,0,0,18,-6
27,2025-08-01,2025,8,292.6,287.1,4.1,MN,1,11.13,10.85,0.28000000000000114,0,0,0,19,-5
27,2025-09-01,2025,9,281.8,284.4,3.5,MN,1,11.13,10.85,0.28000000000000114,0,0,0,20,-4
27,2025-10-01,2025,10,274.7,288.6,3.7,MN,1,11.13,10.85,0.28000000000000114,0,0,0,21,-3
27,2025-11-01,2025,11,265.4,293.8,3.9,MN,1,11.13,10.85,0.28000000000000114,0,0,0,22,-2
27,2025-12-01,2025,12,263.5,296.6,4.3,MN,1,11.13,10.85,0.28000000000000114,0,0,0,23,-1
29,2024-01-01,2024,1,289.8,305.3,3.9,MO,1,13.75,12.3,1.4499999999999993,0,0,0,0,-24
29,2024-02-01,2024,2,293.7,304.5,4.1,MO,1,13.75,12.3,1.4499999999999993,0,0,0,1,-23
29,2024-03-01,2024,3,303.3,305.8,3.9,MO,1,13.75,12.3,1.4499999999999993,0,0,0,2,-22
29,2024-04-01,2024,4,313.3,307.1,3.3,MO,1,13.75,12.3,1.4499999999999993,0,0,0,3,-21
29,2024-05-01,2024,5,322.2,307.9,3.7,MO,1,13.75,12.3,1.4499999999999993,0,0,0,4,-20
29,2024-06-01,2024,6,329.5,308.7,3.9,MO,1,13.75,12.3,1.4499999999999993,0,0,0,5,-19
29,2024-07-01,2024,7,324.9,307.1,4.3,MO,1,13.75,12.3,1.4499999999999993,0,0,0,6,-18
29,2024-08-01,2024,8,323,305.5,3.9,MO,1,13.75,12.3,1.4499999999999993,0,0,0,7,-17
29,2024-09-01,2024,9,315.1,304.8,3,MO,1,13.75,12.3,1.4499999999999993,0,0,0,8,-16
29,2024-10-01,2024,10,314.2,306.6,3.3,MO,1,13.75,12.3,1.4499999999999993,0,0,0,9,-15
29,2024-11-01,2024,11,301.8,310.8,3.3,MO,1,13.75,12.3,1.4499999999999993,0,0,0,10,-14
29,2024-12-01,2024,12,299.1,317.8,3.2,MO,1,13.75,12.3,1.4499999999999993,0,0,0,11,-13
29,2025-01-01,2025,1,281.9,303.8,4.4,MO,1,13.75,12.3,1.4499999999999993,0,0,0,12,-12
29,2025-02-01,2025,2,280.6,302.3,4.4,MO,1,13.75,12.3,1.4499999999999993,0,0,0,13,-11
29,2025-03-01,2025,3,297.3,304.5,4.4,MO,1,13.75,12.3,1.4499999999999993,0,0,0,14,-10
29,2025-04-01,2025,4,306.3,304.8,3.8,MO,1,13.75,12.3,1.4499999999999993,0,0,0,15,-9
29,2025-05-01,2025,5,321.5,307,3.9,MO,1,13.75,12.3,1.4499999999999993,0,0,0,16,-8
29,2025-06-01,2025,6,336.2,306.1,4.4,MO,1,13.75,12.3,1.4499999999999993,0,0,0,17,-7
29,2025-07-01,2025,7,341.3,306.1,4.7,MO,1,13.75,12.3,1.4499999999999993,0,0,0,18,-6
29,2025-08-01,2025,8,337.2,304.1,4.5,MO,1,13.75,12.3,1.4499999999999993,0,0,0,19,-5
29,2025-09-01,2025,9,324.9,304.3,3.5,MO,1,13.75,12.3,1.4499999999999993,0,0,0,20,-4
29,2025-10-01,2025,10,325.8,305.8,3.5,MO,1,13.75,12.3,1.4499999999999993,0,0,0,21,-3
29,2025-11-01,2025,11,318.4,308.7,3.5,MO,1,13.75,12.3,1.4499999999999993,0,0,0,22,-2
29,2025-12-01,2025,12,310.4,310.9,3.3,MO,1,13.75,12.3,1.4499999999999993,0,0,0,23,-1
28,2024-01-01,2024,1,130.1,138.4,3.1,MS,0,7.25,7.25,0,0,0,0,0,-24
28,2024-02-01,2024,2,132.6,137.7,2.7,MS,0,7.25,7.25,0,0,0,0,1,-23
28,2024-03-01,2024,3,134.5,138.2,2.5,MS,0,7.25,7.25,0,0,0,0,2,-22
28,2024-04-01,2024,4,137,138.3,2,MS,0,7.25,7.25,0,0,0,0,3,-21
28,2024-05-01,2024,5,137.8,138.5,2.9,MS,0,7.25,7.25,0,0,0,0,4,-20
28,2024-06-01,2024,6,137.3,138.2,3.9,MS,0,7.25,7.25,0,0,0,0,5,-19
28,2024-07-01,2024,7,137,138.3,3.7,MS,0,7.25,7.25,0,0,0,0,6,-18
28,2024-08-01,2024,8,137.6,138.1,3.5,MS,0,7.25,7.25,0,0,0,0,7,-17
28,2024-09-01,2024,9,136.3,138.2,3.3,MS,0,7.25,7.25,0,0,0,0,8,-16
28,2024-10-01,2024,10,136.1,138.5,3.3,MS,0,7.25,7.25,0,0,0,0,9,-15
28,2024-11-01,2024,11,135.6,141.2,3.4,MS,0,7.25,7.25,0,0,0,0,10,-14
28,2024-12-01,2024,12,134.8,141.4,3.5,MS,0,7.25,7.25,0,0,0,0,11,-13
28,2025-01-01,2025,1,133.8,138.8,3.7,MS,0,7.25,7.25,0,0,0,0,12,-12
28,2025-02-01,2025,2,135.9,137.9,4.1,MS,0,7.25,7.25,0,0,0,0,13,-11
28,2025-03-01,2025,3,136,137.7,4,MS,0,7.25,7.25,0,0,0,0,14,-10
28,2025-04-01,2025,4,138.7,138.8,3.5,MS,0,7.25,7.25,0,0,0,0,15,-9
28,2025-05-01,2025,5,140.1,139.4,3.8,MS,0,7.25,7.25,0,0,0,0,16,-8
28,2025-06-01,2025,6,140.7,140.6,4.5,MS,0,7.25,7.25,0,0,0,0,17,-7
28,2025-07-01,2025,7,140,141.7,4.5,MS,0,7.25,7.25,0,0,0,0,18,-6
28,2025-08-01,2025,8,139.9,140.6,4.2,MS,0,7.25,7.25,0,0,0,0,19,-5
28,2025-09-01,2025,9,140.5,140.5,3.6,MS,0,7.25,7.25,0,0,0,0,20,-4
28,2025-10-01,2025,10,139.1,141.8,3.75,MS,0,7.25,7.25,0,0,0,0,21,-3
28,2025-11-01,2025,11,141.6,144,3.9,MS,0,7.25,7.25,0,0,0,0,22,-2
28,2025-12-01,2025,12,138.6,145.5,3.1,MS,0,7.25,7.25,0,0,0,0,23,-1
30,2024-01-01,2024,1,68.8,61.9,3.8,MT,1,10.55,10.3,0.25,0,0,0,0,-24
30,2024-02-01,2024,2,69.6,62.2,3.7,MT,1,10.55,10.3,0.25,0,0,0,1,-23
30,2024-03-01,2024,3,70.6,62.4,3.4,MT,1,10.55,10.3,0.25,0,0,0,2,-22
30,2024-04-01,2024,4,71.9,62.7,2.8,MT,1,10.55,10.3,0.25,0,0,0,3,-21
30,2024-05-01,2024,5,74.1,63.1,2.7,MT,1,10.55,10.3,0.25,0,0,0,4,-20
30,2024-06-01,2024,6,80,63.6,3.1,MT,1,10.55,10.3,0.25,0,0,0,5,-19
30,2024-07-01,2024,7,81.5,63.5,2.9,MT,1,10.55,10.3,0.25,0,0,0,6,-18
30,2024-08-01,2024,8,81.3,63.6,2.8,MT,1,10.55,10.3,0.25,0,0,0,7,-17
30,2024-09-01,2024,9,76.7,63.2,2.4,MT,1,10.55,10.3,0.25,0,0,0,8,-16
30,2024-10-01,2024,10,72.4,63.3,2.4,MT,1,10.55,10.3,0.25,0,0,0,9,-15
30,2024-11-01,2024,11,70.1,63.6,2.7,MT,1,10.55,10.3,0.25,0,0,0,10,-14
30,2024-12-01,2024,12,74,64.3,3,MT,1,10.55,10.3,0.25,0,0,0,11,-13
30,2025-01-01,2025,1,72.1,62.7,3.2,MT,1,10.55,10.3,0.25,0,0,0,12,-12
30,2025-02-01,2025,2,72.3,62.4,3.4,MT,1,10.55,10.3,0.25,0,0,0,13,-11
30,2025-03-01,2025,3,73.2,63.4,3.1,MT,1,10.55,10.3,0.25,0,0,0,14,-10
30,2025-04-01,2025,4,72,63.9,2.7,MT,1,10.55,10.3,0.25,0,0,0,15,-9
30,2025-05-01,2025,5,75.3,64.7,2.7,MT,1,10.55,10.3,0.25,0,0,0,16,-8
30,2025-06-01,2025,6,81.5,64.6,2.9,MT,1,10.55,10.3,0.25,0,0,0,17,-7
30,2025-07-01,2025,7,85.1,65.3,2.7,MT,1,10.55,10.3,0.25,0,0,0,18,-6
30,2025-08-01,2025,8,84.1,65.1,2.8,MT,1,10.55,10.3,0.25,0,0,0,19,-5
30,2025-09-01,2025,9,79.3,63.9,3,MT,1,10.55,10.3,0.25,0,0,0,20,-4
30,2025-10-01,2025,10,75.7,63.9,3.2,MT,1,10.55,10.3,0.25,0,0,0,21,-3
30,2025-11-01,2025,11,72.2,63.9,3.4,MT,1,10.55,10.3,0.25,0,0,0,22,-2
30,2025-12-01,2025,12,75.5,64.6,3.7,MT,1,10.55,10.3,0.25,0,0,0,23,-1
37,2024-01-01,2024,1,514.2,521.4,3.7,NC,0,7.25,7.25,0,0,0,0,0,-24
37,2024-02-01,2024,2,518.7,518.9,3.8,NC,0,7.25,7.25,0,0,0,0,1,-23
37,2024-03-01,2024,3,528.4,520.9,3.6,NC,0,7.25,7.25,0,0,0,0,2,-22
37,2024-04-01,2024,4,540.5,521.2,3.2,NC,0,7.25,7.25,0,0,0,0,3,-21
37,2024-05-01,2024,5,557.3,523.9,3.4,NC,0,7.25,7.25,0,0,0,0,4,-20
37,2024-06-01,2024,6,566.3,525.4,3.9,NC,0,7.25,7.25,0,0,0,0,5,-19
37,2024-07-01,2024,7,562.7,526.1,4.1,NC,0,7.25,7.25,0,0,0,0,6,-18
37,2024-08-01,2024,8,556.5,524.1,3.9,NC,0,7.25,7.25,0,0,0,0,7,-17
37,2024-09-01,2024,9,539.2,520.6,3.2,NC,0,7.25,7.25,0,0,0,0,8,-16
37,2024-10-01,2024,10,537.7,525.1,3.6,NC,0,7.25,7.25,0,0,0,0,9,-15
37,2024-11-01,2024,11,533.8,534.3,3.7,NC,0,7.25,7.25,0,0,0,0,10,-14
37,2024-12-01,2024,12,537.8,538.6,3.4,NC,0,7.25,7.25,0,0,0,0,11,-13
37,2025-01-01,2025,1,517.5,522,4,NC,0,7.25,7.25,0,0,0,0,12,-12
37,2025-02-01,2025,2,523.3,523.2,3.7,NC,0,7.25,7.25,0,0,0,0,13,-11
37,2025-03-01,2025,3,530,524.2,3.7,NC,0,7.25,7.25,0,0,0,0,14,-10
37,2025-04-01,2025,4,539.7,529.5,3.4,NC,0,7.25,7.25,0,0,0,0,15,-9
37,2025-05-01,2025,5,554.6,532.5,3.6,NC,0,7.25,7.25,0,0,0,0,16,-8
37,2025-06-01,2025,6,573.3,532.1,4,NC,0,7.25,7.25,0,0,0,0,17,-7
37,2025-07-01,2025,7,570.2,530.9,3.8,NC,0,7.25,7.25,0,0,0,0,18,-6
37,2025-08-01,2025,8,564.3,531.8,4,NC,0,7.25,7.25,0,0,0,0,19,-5
37,2025-09-01,2025,9,550.5,528,3.7,NC,0,7.25,7.25,0,0,0,0,20,-4
37,2025-10-01,2025,10,552.8,532.3,3.95,NC,0,7.25,7.25,0,0,0,0,21,-3
37,2025-11-01,2025,11,549.9,537.3,4.2,NC,0,7.25,7.25,0,0,0,0,22,-2
37,2025-12-01,2025,12,551.8,541.5,3.4,NC,0,7.25,7.25,0,0,0,0,23,-1
31,2024-01-01,2024,1,91.4,102.8,2.8,NE,1,13.5,13.5,0,0,0,0,0,-24
31,2024-02-01,2024,2,94.4,102.9,2.9,NE,1,13.5,13.5,0,0,0,0,1,-23
31,2024-03-01,2024,3,96.8,103.1,2.7,NE,1,13.5,13.5,0,0,0,0,2,-22
31,2024-04-01,2024,4,98.9,103.7,2.4,NE,1,13.5,13.5,0,0,0,0,3,-21
31,2024-05-01,2024,5,102.1,104.3,2.6,NE,1,13.5,13.5,0,0,0,0,4,-20
31,2024-06-01,2024,6,104.2,104.7,3.1,NE,1,13.5,13.5,0,0,0,0,5,-19
31,2024-07-01,2024,7,103.1,104.4,3.1,NE,1,13.5,13.5,0,0,0,0,6,-18
31,2024-08-01,2024,8,103.8,103.9,2.8,NE,1,13.5,13.5,0,0,0,0,7,-17
31,2024-09-01,2024,9,102.5,103.1,2.6,NE,1,13.5,13.5,0,0,0,0,8,-16
31,2024-10-01,2024,10,101.7,104.3,2.7,NE,1,13.5,13.5,0,0,0,0,9,-15
31,2024-11-01,2024,11,98.4,106.1,2.7,NE,1,13.5,13.5,0,0,0,0,10,-14
31,2024-12-01,2024,12,96.7,107.3,2.6,NE,1,13.5,13.5,0,0,0,0,11,-13
31,2025-01-01,2025,1,94.4,104.2,3.2,NE,1,13.5,13.5,0,0,0,0,12,-12
31,2025-02-01,2025,2,94.4,102.9,3.4,NE,1,13.5,13.5,0,0,0,0,13,-11
31,2025-03-01,2025,3,96.1,103.1,2.9,NE,1,13.5,13.5,0,0,0,0,14,-10
31,2025-04-01,2025,4,100.1,103.2,2.9,NE,1,13.5,13.5,0,0,0,0,15,-9
31,2025-05-01,2025,5,105.1,103.3,2.9,NE,1,13.5,13.5,0,0,0,0,16,-8
31,2025-06-01,2025,6,106.9,103.5,3.3,NE,1,13.5,13.5,0,0,0,0,17,-7
31,2025-07-01,2025,7,106.1,103.4,3.2,NE,1,13.5,13.5,0,0,0,0,18,-6
31,2025-08-01,2025,8,105.8,103.2,2.8,NE,1,13.5,13.5,0,0,0,0,19,-5
31,2025-09-01,2025,9,101,103.1,2.8,NE,1,13.5,13.5,0,0,0,0,20,-4
31,2025-10-01,2025,10,99.1,103.6,2.8499999999999996,NE,1,13.5,13.5,0,0,0,0,21,-3
31,2025-11-01,2025,11,96.2,105.7,2.9,NE,1,13.5,13.5,0,0,0,0,22,-2
31,2025-12-01,2025,12,95.1,106.2,3,NE,1,13.5,13.5,0,0,0,0,23,-1
34,2024-01-01,2024,1,370.3,429.7,4.7,NJ,1,15.49,15.13,0.35999999999999943,0,0,0,0,-24
34,2024-02-01,2024,2,371.6,422.5,4.9,NJ,1,15.49,15.13,0.35999999999999943,0,0,0,1,-23
34,2024-03-01,2024,3,379.9,425.4,4.6,NJ,1,15.49,15.13,0.35999999999999943,0,0,0,2,-22
34,2024-04-01,2024,4,389.5,424.8,4,NJ,1,15.49,15.13,0.35999999999999943,0,0,0,3,-21
34,2024-05-01,2024,5,413.6,429.7,4.3,NJ,1,15.49,15.13,0.35999999999999943,0,0,0,4,-20
34,2024-06-01,2024,6,446,435.7,4.7,NJ,1,15.49,15.13,0.35999999999999943,0,0,0,5,-19
34,2024-07-01,2024,7,450.3,433.1,5.3,NJ,1,15.49,15.13,0.35999999999999943,0,0,0,6,-18
34,2024-08-01,2024,8,444.2,433.1,5,NJ,1,15.49,15.13,0.35999999999999943,0,0,0,7,-17
34,2024-09-01,2024,9,417.7,428.2,4.2,NJ,1,15.49,15.13,0.35999999999999943,0,0,0,8,-16
34,2024-10-01,2024,10,398.1,431.1,4.2,NJ,1,15.49,15.13,0.35999999999999943,0,0,0,9,-15
34,2024-11-01,2024,11,392.4,438.5,4.3,NJ,1,15.49,15.13,0.35999999999999943,0,0,0,10,-14
34,2024-12-01,2024,12,391.1,442.3,4.2,NJ,1,15.49,15.13,0.35999999999999943,0,0,0,11,-13
34,2025-01-01,2025,1,371.2,425.9,4.9,NJ,1,15.49,15.13,0.35999999999999943,0,0,0,12,-12
34,2025-02-01,2025,2,369.2,418.9,5,NJ,1,15.49,15.13,0.35999999999999943,0,0,0,13,-11
34,2025-03-01,2025,3,374.9,420.1,5,NJ,1,15.49,15.13,0.35999999999999943,0,0,0,14,-10
34,2025-04-01,2025,4,387.2,422.2,4.7,NJ,1,15.49,15.13,0.35999999999999943,0,0,0,15,-9
34,2025-05-01,2025,5,419.7,424.8,4.6,NJ,1,15.49,15.13,0.35999999999999943,0,0,0,16,-8
34,2025-06-01,2025,6,446.7,428.5,5.2,NJ,1,15.49,15.13,0.35999999999999943,0,0,0,17,-7
34,2025-07-01,2025,7,460.9,428.7,5.6,NJ,1,15.49,15.13,0.35999999999999943,0,0,0,18,-6
34,2025-08-01,2025,8,454.1,427,5.6,NJ,1,15.49,15.13,0.35999999999999943,0,0,0,19,-5
34,2025-09-01,2025,9,419.5,423.4,5.8,NJ,1,15.49,15.13,0.35999999999999943,0,0,0,20,-4
34,2025-10-01,2025,10,403.2,425.1,5.3,NJ,1,15.49,15.13,0.35999999999999943,0,0,0,21,-3
34,2025-11-01,2025,11,392.7,434.2,4.8,NJ,1,15.49,15.13,0.35999999999999943,0,0,0,22,-2
34,2025-12-01,2025,12,393.5,436.6,4.5,NJ,1,15.49,15.13,0.35999999999999943,0,0,0,23,-1
36,2024-01-01,2024,1,862.2,839.9,4.4,NY,1,15.5,15,0.5,0,0,0,0,-24
36,2024-02-01,2024,2,871.5,827.7,4.6,NY,1,15.5,15,0.5,0,0,0,1,-23
36,2024-03-01,2024,3,889.8,831.6,4.3,NY,1,15.5,15,0.5,0,0,0,2,-22
36,2024-04-01,2024,4,910.8,832.1,3.9,NY,1,15.5,15,0.5,0,0,0,3,-21
36,2024-05-01,2024,5,947,837.2,4,NY,1,15.5,15,0.5,0,0,0,4,-20
36,2024-06-01,2024,6,983.9,845.1,4.3,NY,1,15.5,15,0.5,0,0,0,5,-19
36,2024-07-01,2024,7,984.1,840.4,4.8,NY,1,15.5,15,0.5,0,0,0,6,-18
36,2024-08-01,2024,8,977.3,841,4.8,NY,1,15.5,15,0.5,0,0,0,7,-17
36,2024-09-01,2024,9,948.8,833.5,4,NY,1,15.5,15,0.5,0,0,0,8,-16
36,2024-10-01,2024,10,939.4,840.1,4.2,NY,1,15.5,15,0.5,0,0,0,9,-15
36,2024-11-01,2024,11,921.9,850.4,4.2,NY,1,15.5,15,0.5,0,0,0,10,-14
36,2024-12-01,2024,12,924,859,4.2,NY,1,15.5,15,0.5,0,0,0,11,-13
36,2025-01-01,2025,1,889.4,836.9,4.6,NY,1,15.5,15,0.5,0,0,0,12,-12
36,2025-02-01,2025,2,888.8,828.4,4.3,NY,1,15.5,15,0.5,0,0,0,13,-11
36,2025-03-01,2025,3,900.8,828.6,4.1,NY,1,15.5,15,0.5,0,0,0,14,-10
36,2025-04-01,2025,4,913.8,827,3.7,NY,1,15.5,15,0.5,0,0,0,15,-9
36,2025-05-01,2025,5,956.8,830.4,3.5,NY,1,15.5,15,0.5,0,0,0,16,-8
36,2025-06-01,2025,6,993.7,840.6,3.8,NY,1,15.5,15,0.5,0,0,0,17,-7
36,2025-07-01,2025,7,1011.5,836.7,4.6,NY,1,15.5,15,0.5,0,0,0,18,-6
36,2025-08-01,2025,8,1000,836.6,4.7,NY,1,15.5,15,0.5,0,0,0,19,-5
36,2025-09-01,2025,9,945.5,828.2,4.7,NY,1,15.5,15,0.5,0,0,0,20,-4
36,2025-10-01,2025,10,927.9,838.2,4.6,NY,1,15.5,15,0.5,0,0,0,21,-3
36,2025-11-01,2025,11,921.2,847.9,4.5,NY,1,15.5,15,0.5,0,0,0,22,-2
36,2025-12-01,2025,12,913.2,857,4.4,NY,1,15.5,15,0.5,0,0,0,23,-1
39,2024-01-01,2024,1,532.1,540.9,4.4,OH,1,10.7,10.45,0.25,0,0,0,0,-24
39,2024-02-01,2024,2,536.8,533.5,4.5,OH,1,10.7,10.45,0.25,0,0,0,1,-23
39,2024-03-01,2024,3,551.9,535.3,4.4,OH,1,10.7,10.45,0.25,0,0,0,2,-22
39,2024-04-01,2024,4,567,536.5,3.9,OH,1,10.7,10.45,0.25,0,0,0,3,-21
39,2024-05-01,2024,5,590.4,541.2,4.1,OH,1,10.7,10.45,0.25,0,0,0,4,-20
39,2024-06-01,2024,6,603,541.3,4.7,OH,1,10.7,10.45,0.25,0,0,0,5,-19
39,2024-07-01,2024,7,601.7,539.9,4.7,OH,1,10.7,10.45,0.25,0,0,0,6,-18
39,2024-08-01,2024,8,596.2,539.3,4.3,OH,1,10.7,10.45,0.25,0,0,0,7,-17
39,2024-09-01,2024,9,574.5,534.6,4.1,OH,1,10.7,10.45,0.25,0,0,0,8,-16
39,2024-10-01,2024,10,570.1,542.7,3.9,OH,1,10.7,10.45,0.25,0,0,0,9,-15
39,2024-11-01,2024,11,554.3,550.5,4.2,OH,1,10.7,10.45,0.25,0,0,0,10,-14
39,2024-12-01,2024,12,555.1,557.5,4.2,OH,1,10.7,10.45,0.25,0,0,0,11,-13
39,2025-01-01,2025,1,531.6,536.9,5.3,OH,1,10.7,10.45,0.25,0,0,0,12,-12
39,2025-02-01,2025,2,533.4,535.5,5.4,OH,1,10.7,10.45,0.25,0,0,0,13,-11
39,2025-03-01,2025,3,548.4,537.6,5.2,OH,1,10.7,10.45,0.25,0,0,0,14,-10
39,2025-04-01,2025,4,568.5,542,4.9,OH,1,10.7,10.45,0.25,0,0,0,15,-9
39,2025-05-01,2025,5,589.4,542.8,4.7,OH,1,10.7,10.45,0.25,0,0,0,16,-8
39,2025-06-01,2025,6,606.6,546.2,5.1,OH,1,10.7,10.45,0.25,0,0,0,17,-7
39,2025-07-01,2025,7,603.2,546.4,5.5,OH,1,10.7,10.45,0.25,0,0,0,18,-6
39,2025-08-01,2025,8,597.9,544.9,4.9,OH,1,10.7,10.45,0.25,0,0,0,19,-5
39,2025-09-01,2025,9,572,541.1,4.1,OH,1,10.7,10.45,0.25,0,0,0,20,-4
39,2025-10-01,2025,10,564.6,545.2,4,OH,1,10.7,10.45,0.25,0,0,0,21,-3
39,2025-11-01,2025,11,551.6,550.8,3.9,OH,1,10.7,10.45,0.25,0,0,0,22,-2
39,2025-12-01,2025,12,547.2,554.4,4,OH,1,10.7,10.45,0.25,0,0,0,23,-1
44,2024-01-01,2024,1,53.5,46.9,4.6,RI,1,15,14,1,0,0,0,0,-24
44,2024-02-01,2024,2,54.5,46.5,5,RI,1,15,14,1,0,0,0,1,-23
44,2024-03-01,2024,3,55.9,46.5,4.3,RI,1,15,14,1,0,0,0,2,-22
44,2024-04-01,2024,4,58.2,46.6,3.7,RI,1,15,14,1,0,0,0,3,-21
44,2024-05-01,2024,5,62.2,47,4.1,RI,1,15,14,1,0,0,0,4,-20
44,2024-06-01,2024,6,66.6,47.6,4.1,RI,1,15,14,1,0,0,0,5,-19
44,2024-07-01,2024,7,67.2,47.5,4.7,RI,1,15,14,1,0,0,0,6,-18
44,2024-08-01,2024,8,66.5,47.8,5,RI,1,15,14,1,0,0,0,7,-17
44,2024-09-01,2024,9,63.2,47.1,3.9,RI,1,15,14,1,0,0,0,8,-16
44,2024-10-01,2024,10,61.1,47.4,4.1,RI,1,15,14,1,0,0,0,9,-15
44,2024-11-01,2024,11,58,48.1,4.5,RI,1,15,14,1,0,0,0,10,-14
44,2024-12-01,2024,12,57.4,48.9,4.2,RI,1,15,14,1,0,0,0,11,-13
44,2025-01-01,2025,1,54.6,47.3,5.4,RI,1,15,14,1,0,0,0,12,-12
44,2025-02-01,2025,2,55.4,46.6,6.2,RI,1,15,14,1,0,0,0,13,-11
44,2025-03-01,2025,3,55.9,46.1,5.2,RI,1,15,14,1,0,0,0,14,-10
44,2025-04-01,2025,4,57.7,46.1,4.4,RI,1,15,14,1,0,0,0,15,-9
44,2025-05-01,2025,5,61.8,46.2,4.5,RI,1,15,14,1,0,0,0,16,-8
44,2025-06-01,2025,6,66.1,46.7,4.3,RI,1,15,14,1,0,0,0,17,-7
44,2025-07-01,2025,7,67.5,46.5,4.7,RI,1,15,14,1,0,0,0,18,-6
44,2025-08-01,2025,8,67,46.6,4.5,RI,1,15,14,1,0,0,0,19,-5
44,2025-09-01,2025,9,62.7,46.1,3.7,RI,1,15,14,1,0,0,0,20,-4
44,2025-10-01,2025,10,59.8,46.4,4,RI,1,15,14,1,0,0,0,21,-3
44,2025-11-01,2025,11,56.7,46.9,4.3,RI,1,15,14,1,0,0,0,22,-2
44,2025-12-01,2025,12,56.3,47.2,4.4,RI,1,15,14,1,0,0,0,23,-1
45,2024-01-01,2024,1,266.9,263.7,3.7,SC,0,7.25,7.25,0,0,0,0,0,-24
45,2024-02-01,2024,2,271.9,263.7,4,SC,0,7.25,7.25,0,0,0,0,1,-23
45,2024-03-01,2024,3,279.6,265,3.7,SC,0,7.25,7.25,0,0,0,0,2,-22
45,2024-04-01,2024,4,285.6,266.1,3.2,SC,0,7.25,7.25,0,0,0,0,3,-21
45,2024-05-01,2024,5,291,267.4,3.8,SC,0,7.25,7.25,0,0,0,0,4,-20
45,2024-06-01,2024,6,292.7,269.1,4.7,SC,0,7.25,7.25,0,0,0,0,5,-19
45,2024-07-01,2024,7,290.3,269.5,4.9,SC,0,7.25,7.25,0,0,0,0,6,-18
45,2024-08-01,2024,8,288.6,267.2,4.9,SC,0,7.25,7.25,0,0,0,0,7,-17
45,2024-09-01,2024,9,282.5,266.6,4.2,SC,0,7.25,7.25,0,0,0,0,8,-16
45,2024-10-01,2024,10,279.6,267.3,4.4,SC,0,7.25,7.25,0,0,0,0,9,-15
45,2024-11-01,2024,11,276.3,270.4,4.2,SC,0,7.25,7.25,0,0,0,0,10,-14
45,2024-12-01,2024,12,272.7,276.3,4,SC,0,7.25,7.25,0,0,0,0,11,-13
45,2025-01-01,2025,1,266.3,266.6,4.3,SC,0,7.25,7.25,0,0,0,0,12,-12
45,2025-02-01,2025,2,270.6,267.3,4.5,SC,0,7.25,7.25,0,0,0,0,13,-11
45,2025-03-01,2025,3,281.2,268.1,4.1,SC,0,7.25,7.25,0,0,0,0,14,-10
45,2025-04-01,2025,4,292.2,269.6,3.8,SC,0,7.25,7.25,0,0,0,0,15,-9
45,2025-05-01,2025,5,297.3,271.8,3.7,SC,0,7.25,7.25,0,0,0,0,16,-8
45,2025-06-01,2025,6,306.3,272,4.4,SC,0,7.25,7.25,0,0,0,0,17,-7
45,2025-07-01,2025,7,310.1,270.3,4.7,SC,0,7.25,7.25,0,0,0,0,18,-6
45,2025-08-01,2025,8,305.9,269,4.9,SC,0,7.25,7.25,0,0,0,0,19,-5
45,2025-09-01,2025,9,293.4,269.8,4.5,SC,0,7.25,7.25,0,0,0,0,20,-4
45,2025-10-01,2025,10,296.4,271.2,4.75,SC,0,7.25,7.25,0,0,0,0,21,-3
45,2025-11-01,2025,11,293,274.4,5,SC,0,7.25,7.25,0,0,0,0,22,-2
45,2025-12-01,2025,12,290.5,276.3,4.9,SC,0,7.25,7.25,0,0,0,0,23,-1
46,2024-01-01,2024,1,45.6,52.9,1.9,SD,1,11.2,11.2,0,0,0,0,0,-24
46,2024-02-01,2024,2,46.3,52.9,2.3,SD,1,11.2,11.2,0,0,0,0,1,-23
46,2024-03-01,2024,3,47.1,52.9,1.7,SD,1,11.2,11.2,0,0,0,0,2,-22
46,2024-04-01,2024,4,48.6,53.3,1.8,SD,1,11.2,11.2,0,0,0,0,3,-21
46,2024-05-01,2024,5,51.8,54.1,1.7,SD,1,11.2,11.2,0,0,0,0,4,-20
46,2024-06-01,2024,6,53.8,54.9,1.9,SD,1,11.2,11.2,0,0,0,0,5,-19
46,2024-07-01,2024,7,54,54.9,1.8,SD,1,11.2,11.2,0,0,0,0,6,-18
46,2024-08-01,2024,8,55.3,54.9,2,SD,1,11.2,11.2,0,0,0,0,7,-17
46,2024-09-01,2024,9,52,54.2,1.5,SD,1,11.2,11.2,0,0,0,0,8,-16
46,2024-10-01,2024,10,51,54.4,1.6,SD,1,11.2,11.2,0,0,0,0,9,-15
46,2024-11-01,2024,11,48.8,54.7,1.7,SD,1,11.2,11.2,0,0,0,0,10,-14
46,2024-12-01,2024,12,49.1,54.8,2,SD,1,11.2,11.2,0,0,0,0,11,-13
46,2025-01-01,2025,1,47.5,53.8,2.1,SD,1,11.2,11.2,0,0,0,0,12,-12
46,2025-02-01,2025,2,46.4,53.2,2.1,SD,1,11.2,11.2,0,0,0,0,13,-11
46,2025-03-01,2025,3,46.5,53.3,1.8,SD,1,11.2,11.2,0,0,0,0,14,-10
46,2025-04-01,2025,4,48.2,53.5,1.8,SD,1,11.2,11.2,0,0,0,0,15,-9
46,2025-05-01,2025,5,51.8,54.2,1.8,SD,1,11.2,11.2,0,0,0,0,16,-8
46,2025-06-01,2025,6,56.6,54.5,1.9,SD,1,11.2,11.2,0,0,0,0,17,-7
46,2025-07-01,2025,7,56.1,55.1,1.9,SD,1,11.2,11.2,0,0,0,0,18,-6
46,2025-08-01,2025,8,55.4,54.9,2.2,SD,1,11.2,11.2,0,0,0,0,19,-5
46,2025-09-01,2025,9,51.1,54.3,1.8,SD,1,11.2,11.2,0,0,0,0,20,-4
46,2025-10-01,2025,10,51.3,54.5,1.9500000000000002,SD,1,11.2,11.2,0,0,0,0,21,-3
46,2025-11-01,2025,11,49.6,55.1,2.1,SD,1,11.2,11.2,0,0,0,0,22,-2
46,2025-12-01,2025,12,50.8,54.8,2.4,SD,1,11.2,11.2,0,0,0,0,23,-1
47,2024-01-01,2024,1,349.5,343,3.3,TN,0,7.25,7.25,0,0,0,0,0,-24
47,2024-02-01,2024,2,353.8,342.9,3.1,TN,0,7.25,7.25,0,0,0,0,1,-23
47,2024-03-01,2024,3,361.9,343.3,3.1,TN,0,7.25,7.25,0,0,0,0,2,-22
47,2024-04-01,2024,4,368.8,343.5,2.8,TN,0,7.25,7.25,0,0,0,0,3,-21
47,2024-05-01,2024,5,376.2,345.1,2.9,TN,0,7.25,7.25,0,0,0,0,4,-20
47,2024-06-01,2024,6,378.8,345.8,3.9,TN,0,7.25,7.25,0,0,0,0,5,-19
47,2024-07-01,2024,7,376.7,344.6,3.9,TN,0,7.25,7.25,0,0,0,0,6,-18
47,2024-08-01,2024,8,376.1,344.5,3.7,TN,0,7.25,7.25,0,0,0,0,7,-17
47,2024-09-01,2024,9,370.2,343.4,3.5,TN,0,7.25,7.25,0,0,0,0,8,-16
47,2024-10-01,2024,10,367.7,344.9,3.6,TN,0,7.25,7.25,0,0,0,0,9,-15
47,2024-11-01,2024,11,368.9,351.4,3.7,TN,0,7.25,7.25,0,0,0,0,10,-14
47,2024-12-01,2024,12,366,353.7,3.5,TN,0,7.25,7.25,0,0,0,0,11,-13
47,2025-01-01,2025,1,351.4,344.2,3.8,TN,0,7.25,7.25,0,0,0,0,12,-12
47,2025-02-01,2025,2,357.7,345.7,3.5,TN,0,7.25,7.25,0,0,0,0,13,-11
47,2025-03-01,2025,3,364.9,346.5,3.3,TN,0,7.25,7.25,0,0,0,0,14,-10
47,2025-04-01,2025,4,375,348.6,2.9,TN,0,7.25,7.25,0,0,0,0,15,-9
47,2025-05-01,2025,5,383.5,347.9,3.3,TN,0,7.25,7.25,0,0,0,0,16,-8
47,2025-06-01,2025,6,386.7,348.7,4,TN,0,7.25,7.25,0,0,0,0,17,-7
47,2025-07-01,2025,7,386.8,348.6,4.4,TN,0,7.25,7.25,0,0,0,0,18,-6
47,2025-08-01,2025,8,381.6,349.1,3.6,TN,0,7.25,7.25,0,0,0,0,19,-5
47,2025-09-01,2025,9,376.6,348.5,3.5,TN,0,7.25,7.25,0,0,0,0,20,-4
47,2025-10-01,2025,10,375.3,349.5,3.55,TN,0,7.25,7.25,0,0,0,0,21,-3
47,2025-11-01,2025,11,374.4,354.9,3.6,TN,0,7.25,7.25,0,0,0,0,22,-2
47,2025-12-01,2025,12,370.4,357.9,3.4,TN,0,7.25,7.25,0,0,0,0,23,-1
48,2024-01-01,2024,1,1451.6,1396.6,4.1,TX,0,7.25,7.25,0,0,0,0,0,-24
48,2024-02-01,2024,2,1469.8,1386,4.2,TX,0,7.25,7.25,0,0,0,0,1,-23
48,2024-03-01,2024,3,1494.7,1383.2,3.9,TX,0,7.25,7.25,0,0,0,0,2,-22
48,2024-04-01,2024,4,1513.3,1387.5,3.6,TX,0,7.25,7.25,0,0,0,0,3,-21
48,2024-05-01,2024,5,1532,1391.8,3.8,TX,0,7.25,7.25,0,0,0,0,4,-20
48,2024-06-01,2024,6,1546.6,1396.2,4.5,TX,0,7.25,7.25,0,0,0,0,5,-19
48,2024-07-01,2024,7,1523.9,1390.5,4.5,TX,0,7.25,7.25,0,0,0,0,6,-18
48,2024-08-01,2024,8,1524.9,1403.4,4.4,TX,0,7.25,7.25,0,0,0,0,7,-17
48,2024-09-01,2024,9,1505,1398.7,4.1,TX,0,7.25,7.25,0,0,0,0,8,-16
48,2024-10-01,2024,10,1514.8,1415.5,4,TX,0,7.25,7.25,0,0,0,0,9,-15
48,2024-11-01,2024,11,1508.6,1435.3,4.1,TX,0,7.25,7.25,0,0,0,0,10,-14
48,2024-12-01,2024,12,1501.4,1451.4,3.7,TX,0,7.25,7.25,0,0,0,0,11,-13
48,2025-01-01,2025,1,1476,1409.4,4.1,TX,0,7.25,7.25,0,0,0,0,12,-12
48,2025-02-01,2025,2,1494.5,1402.1,4.3,TX,0,7.25,7.25,0,0,0,0,13,-11
48,2025-03-01,2025,3,1503.1,1401.5,4,TX,0,7.25,7.25,0,0,0,0,14,-10
48,2025-04-01,2025,4,1523.3,1410.8,3.7,TX,0,7.25,7.25,0,0,0,0,15,-9
48,2025-05-01,2025,5,1551.3,1415.4,4,TX,0,7.25,7.25,0,0,0,0,16,-8
48,2025-06-01,2025,6,1563.9,1418.7,4.1,TX,0,7.25,7.25,0,0,0,0,17,-7
48,2025-07-01,2025,7,1558.1,1424,4.2,TX,0,7.25,7.25,0,0,0,0,18,-6
48,2025-08-01,2025,8,1549.3,1424.4,4.7,TX,0,7.25,7.25,0,0,0,0,19,-5
48,2025-09-01,2025,9,1533.1,1424.8,4.4,TX,0,7.25,7.25,0,0,0,0,20,-4
48,2025-10-01,2025,10,1536.2,1434,4.300000000000001,TX,0,7.25,7.25,0,0,0,0,21,-3
48,2025-11-01,2025,11,1531.7,1454.8,4.2,TX,0,7.25,7.25,0,0,0,0,22,-2
48,2025-12-01,2025,12,1526.4,1478.4,3.9,TX,0,7.25,7.25,0,0,0,0,23,-1
51,2024-01-01,2024,1,394.1,393.2,2.8,VA,1,12.41,12,0.41000000000000014,0,0,0,0,-24
51,2024-02-01,2024,2,396.8,389.6,2.9,VA,1,12.41,12,0.41000000000000014,0,0,0,1,-23
51,2024-03-01,2024,3,405.4,391.1,2.7,VA,1,12.41,12,0.41000000000000014,0,0,0,2,-22
51,2024-04-01,2024,4,415.8,391,2.4,VA,1,12.41,12,0.41000000000000014,0,0,0,3,-21
51,2024-05-01,2024,5,427.8,393.4,2.8,VA,1,12.41,12,0.41000000000000014,0,0,0,4,-20
51,2024-06-01,2024,6,439.4,395.6,3.1,VA,1,12.41,12,0.41000000000000014,0,0,0,5,-19
51,2024-07-01,2024,7,438.2,394.3,3.2,VA,1,12.41,12,0.41000000000000014,0,0,0,6,-18
51,2024-08-01,2024,8,433.2,393.4,3.3,VA,1,12.41,12,0.41000000000000014,0,0,0,7,-17
51,2024-09-01,2024,9,415.2,391,2.9,VA,1,12.41,12,0.41000000000000014,0,0,0,8,-16
51,2024-10-01,2024,10,413,394.6,2.8,VA,1,12.41,12,0.41000000000000014,0,0,0,9,-15
51,2024-11-01,2024,11,410.2,401.7,2.9,VA,1,12.41,12,0.41000000000000014,0,0,0,10,-14
51,2024-12-01,2024,12,407.6,405.8,2.5,VA,1,12.41,12,0.41000000000000014,0,0,0,11,-13
51,2025-01-01,2025,1,399.1,388.8,3.1,VA,1,12.41,12,0.41000000000000014,0,0,0,12,-12
51,2025-02-01,2025,2,398.1,386.2,3.3,VA,1,12.41,12,0.41000000000000014,0,0,0,13,-11
51,2025-03-01,2025,3,406.9,388,3.5,VA,1,12.41,12,0.41000000000000014,0,0,0,14,-10
51,2025-04-01,2025,4,417.2,388.9,3.3,VA,1,12.41,12,0.41000000000000014,0,0,0,15,-9
51,2025-05-01,2025,5,427.7,392.3,3.6,VA,1,12.41,12,0.41000000000000014,0,0,0,16,-8
51,2025-06-01,2025,6,437.9,393.9,3.9,VA,1,12.41,12,0.41000000000000014,0,0,0,17,-7
51,2025-07-01,2025,7,438.3,393.5,3.8,VA,1,12.41,12,0.41000000000000014,0,0,0,18,-6
51,2025-08-01,2025,8,434.6,391,3.9,VA,1,12.41,12,0.41000000000000014,0,0,0,19,-5
51,2025-09-01,2025,9,412.6,390,3.4,VA,1,12.41,12,0.41000000000000014,0,0,0,20,-4
51,2025-10-01,2025,10,404.4,394,3.65,VA,1,12.41,12,0.41000000000000014,0,0,0,21,-3
51,2025-11-01,2025,11,401.4,403.4,3.9,VA,1,12.41,12,0.41000000000000014,0,0,0,22,-2
51,2025-12-01,2025,12,395.6,406.4,3.4,VA,1,12.41,12,0.41000000000000014,0,0,0,23,-1
50,2024-01-01,2024,1,36.5,35.7,2.5,VT,1,14.01,13.67,0.33999999999999986,0,0,0,0,-24
50,2024-02-01,2024,2,36.7,35.6,2.4,VT,1,14.01,13.67,0.33999999999999986,0,0,0,1,-23
50,2024-03-01,2024,3,35.5,35.5,2.1,VT,1,14.01,13.67,0.33999999999999986,0,0,0,2,-22
50,2024-04-01,2024,4,32.9,35.4,2.3,VT,1,14.01,13.67,0.33999999999999986,0,0,0,3,-21
50,2024-05-01,2024,5,32.3,35.5,2,VT,1,14.01,13.67,0.33999999999999986,0,0,0,4,-20
50,2024-06-01,2024,6,35.4,35.8,2.3,VT,1,14.01,13.67,0.33999999999999986,0,0,0,5,-19
50,2024-07-01,2024,7,37.2,36.2,2.3,VT,1,14.01,13.67,0.33999999999999986,0,0,0,6,-18
50,2024-08-01,2024,8,37.4,35.9,2.4,VT,1,14.01,13.67,0.33999999999999986,0,0,0,7,-17
50,2024-09-01,2024,9,34.6,35.2,2.3,VT,1,14.01,13.67,0.33999999999999986,0,0,0,8,-16
50,2024-10-01,2024,10,34.1,35.6,2,VT,1,14.01,13.67,0.33999999999999986,0,0,0,9,-15
50,2024-11-01,2024,11,32.2,35.7,2.5,VT,1,14.01,13.67,0.33999999999999986,0,0,0,10,-14
50,2024-12-01,2024,12,34.3,36.7,2.5,VT,1,14.01,13.67,0.33999999999999986,0,0,0,11,-13
50,2025-01-01,2025,1,35.4,35.8,3,VT,1,14.01,13.67,0.33999999999999986,0,0,0,12,-12
50,2025-02-01,2025,2,35.1,35.6,3,VT,1,14.01,13.67,0.33999999999999986,0,0,0,13,-11
50,2025-03-01,2025,3,34.5,35.7,2.8,VT,1,14.01,13.67,0.33999999999999986,0,0,0,14,-10
50,2025-04-01,2025,4,32.6,35.8,2.7,VT,1,14.01,13.67,0.33999999999999986,0,0,0,15,-9
50,2025-05-01,2025,5,33.7,36.1,2.2,VT,1,14.01,13.67,0.33999999999999986,0,0,0,16,-8
50,2025-06-01,2025,6,36.9,36.3,2.4,VT,1,14.01,13.67,0.33999999999999986,0,0,0,17,-7
50,2025-07-01,2025,7,38.2,36.4,2.5,VT,1,14.01,13.67,0.33999999999999986,0,0,0,18,-6
50,2025-08-01,2025,8,38.4,36.4,2.6,VT,1,14.01,13.67,0.33999999999999986,0,0,0,19,-5
50,2025-09-01,2025,9,34.9,36.1,2.5,VT,1,14.01,13.67,0.33999999999999986,0,0,0,20,-4
50,2025-10-01,2025,10,35,36.4,2.6,VT,1,14.01,13.67,0.33999999999999986,0,0,0,21,-3
50,2025-11-01,2025,11,33.3,36.2,2.7,VT,1,14.01,13.67,0.33999999999999986,0,0,0,22,-2
50,2025-12-01,2025,12,36.2,36.8,2.6,VT,1,14.01,13.67,0.33999999999999986,0,0,0,23,-1
53,2024-01-01,2024,1,328.3,331.6,5,WA,1,16.66,16.28,0.379999999999999,0,0,0,0,-24
53,2024-02-01,2024,2,329.6,329.1,5.1,WA,1,16.66,16.28,0.379999999999999,0,0,0,1,-23
53,2024-03-01,2024,3,337.2,330.6,4.7,WA,1,16.66,16.28,0.379999999999999,0,0,0,2,-22
53,2024-04-01,2024,4,342.8,331.1,4.1,WA,1,16.66,16.28,0.379999999999999,0,0,0,3,-21
53,2024-05-01,2024,5,351.6,333.5,4.2,WA,1,16.66,16.28,0.379999999999999,0,0,0,4,-20
53,2024-06-01,2024,6,358.1,335.1,4.4,WA,1,16.66,16.28,0.379999999999999,0,0,0,5,-19
53,2024-07-01,2024,7,361,335.1,4.7,WA,1,16.66,16.28,0.379999999999999,0,0,0,6,-18
53,2024-08-01,2024,8,362.6,335.6,4.6,WA,1,16.66,16.28,0.379999999999999,0,0,0,7,-17
53,2024-09-01,2024,9,355.8,335.5,4.1,WA,1,16.66,16.28,0.379999999999999,0,0,0,8,-16
53,2024-10-01,2024,10,341.1,336.8,4.2,WA,1,16.66,16.28,0.379999999999999,0,0,0,9,-15
53,2024-11-01,2024,11,339.3,340.2,4.3,WA,1,16.66,16.28,0.379999999999999,0,0,0,10,-14
53,2024-12-01,2024,12,346.3,341.8,4.3,WA,1,16.66,16.28,0.379999999999999,0,0,0,11,-13
53,2025-01-01,2025,1,339.9,331.3,4.7,WA,1,16.66,16.28,0.379999999999999,0,0,0,12,-12
53,2025-02-01,2025,2,336.1,329.3,5,WA,1,16.66,16.28,0.379999999999999,0,0,0,13,-11
53,2025-03-01,2025,3,339.8,331.3,4.5,WA,1,16.66,16.28,0.379999999999999,0,0,0,14,-10
53,2025-04-01,2025,4,346.7,332.4,4.2,WA,1,16.66,16.28,0.379999999999999,0,0,0,15,-9
53,2025-05-01,2025,5,355,334.1,4.3,WA,1,16.66,16.28,0.379999999999999,0,0,0,16,-8
53,2025-06-01,2025,6,367.8,333.9,4.2,WA,1,16.66,16.28,0.379999999999999,0,0,0,17,-7
53,2025-07-01,2025,7,372.2,336.6,4.5,WA,1,16.66,16.28,0.379999999999999,0,0,0,18,-6
53,2025-08-01,2025,8,371.1,335.7,4.6,WA,1,16.66,16.28,0.379999999999999,0,0,0,19,-5
53,2025-09-01,2025,9,361.3,335.1,4.5,WA,1,16.66,16.28,0.379999999999999,0,0,0,20,-4
53,2025-10-01,2025,10,344.5,336,4.7,WA,1,16.66,16.28,0.379999999999999,0,0,0,21,-3
53,2025-11-01,2025,11,343,341.4,4.9,WA,1,16.66,16.28,0.379999999999999,0,0,0,22,-2
53,2025-12-01,2025,12,347.5,343.5,5.3,WA,1,16.66,16.28,0.379999999999999,0,0,0,23,-1
56,2024-01-01,2024,1,35,29.7,3.6,WY,0,7.25,7.25,0,0,0,0,0,-24
56,2024-02-01,2024,2,35,29.4,3.6,WY,0,7.25,7.25,0,0,0,0,1,-23
56,2024-03-01,2024,3,35.2,29.6,3.4,WY,0,7.25,7.25,0,0,0,0,2,-22
56,2024-04-01,2024,4,34.8,29.5,3,WY,0,7.25,7.25,0,0,0,0,3,-21
56,2024-05-01,2024,5,37.4,30.1,2.9,WY,0,7.25,7.25,0,0,0,0,4,-20
56,2024-06-01,2024,6,43,30.7,3.1,WY,0,7.25,7.25,0,0,0,0,5,-19
56,2024-07-01,2024,7,44.2,30.9,3.1,WY,0,7.25,7.25,0,0,0,0,6,-18
56,2024-08-01,2024,8,44.1,30.8,3.1,WY,0,7.25,7.25,0,0,0,0,7,-17
56,2024-09-01,2024,9,41.2,30.2,2.7,WY,0,7.25,7.25,0,0,0,0,8,-16
56,2024-10-01,2024,10,38.2,30.4,3.1,WY,0,7.25,7.25,0,0,0,0,9,-15
56,2024-11-01,2024,11,35.1,30.5,3.6,WY,0,7.25,7.25,0,0,0,0,10,-14
56,2024-12-01,2024,12,36.6,30.7,3.7,WY,0,7.25,7.25,0,0,0,0,11,-13
56,2025-01-01,2025,1,36.4,30.1,4.3,WY,0,7.25,7.25,0,0,0,0,12,-12
56,2025-02-01,2025,2,36,30.3,3.7,WY,0,7.25,7.25,0,0,0,0,13,-11
56,2025-03-01,2025,3,36,30.3,3.7,WY,0,7.25,7.25,0,0,0,0,14,-10
56,2025-04-01,2025,4,36.2,30.1,3,WY,0,7.25,7.25,0,0,0,0,15,-9
56,2025-05-01,2025,5,38.9,30.3,3.2,WY,0,7.25,7.25,0,0,0,0,16,-8
56,2025-06-01,2025,6,44,31.3,3.7,WY,0,7.25,7.25,0,0,0,0,17,-7
56,2025-07-01,2025,7,45.1,31.5,2.8,WY,0,7.25,7.25,0,0,0,0,18,-6
56,2025-08-01,2025,8,44.9,31,2.7,WY,0,7.25,7.25,0,0,0,0,19,-5
56,2025-09-01,2025,9,42.1,30.7,2.8,WY,0,7.25,7.25,0,0,0,0,20,-4
56,2025-10-01,2025,10,39.2,30.5,3.3,WY,0,7.25,7.25,0,0,0,0,21,-3
56,2025-11-01,2025,11,35.2,30.7,3.8,WY,0,7.25,7.25,0,0,0,0,22,-2
56,2025-12-01,2025,12,36.2,31,3.6,WY,0,7.25,7.25,0,0,0,0,23,-1
